Solution,Étapes_mise_en_œuvre,Investissement_initial,Délai_déploiement,Impact_attendu
Coopératives de médiation numérique,"1. Identifier 3-5 territoires pilotes
2. Fédérer 5-25 médiateurs par zone
3. Créer SCIC avec statuts adaptés
4. Négocier financements mixtes CTM/privé",150 000 - 250 000 €,12-18 mois,500-2000 personnes/an accompagnées
Entreprises sociales numériques,"1. Lancer appel à projets entreprises ESS
2. Accompagner création statuts ESS
3. Faciliter accès aux marchés publics
4. Mettre en place suivi impact social",100 000 - 200 000 €,6-12 mois,200-1000 entreprises/an digitalisées
Partenariats public-privé (PPP),"1. Définir cahier des charges CTM
2. Lancer consultation entreprises
3. Négocier contrats long terme
4. Mettre en place gouvernance partagée",500 000 - 1 000 000 €,18-24 mois,5000-10000 citoyens/an formés
Centres de formation numériques privés,"1. Analyser besoins compétences marché
2. Faciliter implantation centres privés
3. Négocier tarifs préférentiels résidents
4. Certifier formations (RNCP)",200 000 - 400 000 €,12-24 mois,300-800 personnes/an certifiées
Consultants numériques spécialisés,"1. Créer réseau consultants certifiés
2. Former aux spécificités seniors
3. Développer offres personnalisées
4. Faciliter accès TPE/PME",50 000 - 100 000 €,3-6 mois,100-500 accompagnements/an
Entreprises de reconditionnement,"1. Étudier gisement déchets électroniques
2. Faciliter création entreprises
3. Négocier approvisionnement public
4. Développer circuit vente populaire",100 000 - 300 000 €,6-12 mois,500-2000 équipements/an reconditionnés
Tiers-lieux privés,"1. Identifier lieux potentiels
2. Soutenir investissements privés
3. Négocier missions service public
4. Développer réseau territorial",150 000 - 500 000 €,12-18 mois,200-800 entrepreneurs/an accompagnés
Services mobiles itinérants,"1. Cartographier zones non couvertes
2. Acquérir véhicules équipés
3. Former équipes mobiles
4. Planifier tournées régulières",100 000 - 200 000 €,6-12 mois,300-1000 personnes/an zones isolées
